Job Title,Company Name,Address,Job Link,Expected Salary
Operations Manager,Belle,"Orlando, FL",https://www.linkedin.com/jobs/view/operations-manager-at-belle-3819779110?refId=L9dv%2FWEWEF4tSOK2%2B4whLQ%3D%3D&trackingId=gDbs%2BhVISBIiu1EUz%2FFErg%3D%3D&position=1&pageNum=0&trk=public_jobs_jserp-result_search-card,N/A
Operations Manager,"Awesome Motive, Inc.","West Palm Beach, FL",https://www.linkedin.com/jobs/view/operations-manager-at-awesome-motive-inc-3822491573?refId=L9dv%2FWEWEF4tSOK2%2B4whLQ%3D%3D&trackingId=rgtzUrhuPwoAH%2BL5SQWBWg%3D%3D&position=2&pageNum=0&trk=public_jobs_jserp-result_search-card,N/A
Business Analyst (Project Manager - Tampa Remote),Better Health Group,"Tampa, FL",https://www.linkedin.com/jobs/view/business-analyst-project-manager-tampa-remote-at-better-health-group-3827060335?refId=L9dv%2FWEWEF4tSOK2%2B4whLQ%3D%3D&trackingId=PjjMxtANDlm%2B3teNEw7PWA%3D%3D&position=3&pageNum=0&trk=public_jobs_jserp-result_search-card,N/A
Casino Data Marketing Analyst,Carnival Corporation,"Miami, FL",https://www.linkedin.com/jobs/view/casino-data-marketing-analyst-at-carnival-corporation-3825311206?refId=L9dv%2FWEWEF4tSOK2%2B4whLQ%3D%3D&trackingId=rAfa8iHDiTJATeHAHFdLvw%3D%3D&position=4&pageNum=0&trk=public_jobs_jserp-result_search-card,"$60,600.00/yr - $75,000.00/yr"
Senior Business Analyst-Travel Marketing Experience,Jobot,"Clearwater, FL",https://www.linkedin.com/jobs/view/senior-business-analyst-travel-marketing-experience-at-jobot-3834366856?refId=L9dv%2FWEWEF4tSOK2%2B4whLQ%3D%3D&trackingId=svV9GWp34TYE1uNFRvPkUA%3D%3D&position=5&pageNum=0&trk=public_jobs_jserp-result_search-card,"$125,000.00/yr - $150,000.00/yr"
Sr. Business Analyst - Healthcare ($95K),Confidential Jobs,Greater Tampa Bay Area,https://www.linkedin.com/jobs/view/sr-business-analyst-healthcare-%2495k-at-confidential-jobs-3822491420?refId=L9dv%2FWEWEF4tSOK2%2B4whLQ%3D%3D&trackingId=qZb7dwGBOeTre4DcnhFa3w%3D%3D&position=6&pageNum=0&trk=public_jobs_jserp-result_search-card,N/A
***IT Business Systems Analyst*** | ***100% Remote*** | NO C2C,Vaco,"Miami-Dade County, FL",https://www.linkedin.com/jobs/view/it-business-systems-analyst-100%25-remote-no-c2c-at-vaco-3831186972?refId=L9dv%2FWEWEF4tSOK2%2B4whLQ%3D%3D&trackingId=h4efHZBc6xn2qBIZexANOQ%3D%3D&position=7&pageNum=0&trk=public_jobs_jserp-result_search-card,N/A
Sr Chargemaster Analyst (CDM),Insight Global,"Coral Gables, FL",https://www.linkedin.com/jobs/view/sr-chargemaster-analyst-cdm-at-insight-global-3826753447?refId=L9dv%2FWEWEF4tSOK2%2B4whLQ%3D%3D&trackingId=XBf70U7edatBm4RDusKuHg%3D%3D&position=8&pageNum=0&trk=public_jobs_jserp-result_search-card,"$60,000.00/yr - $75,000.00/yr"
Sales Operations Manager,"Trigenx, LLC","Tampa, FL",https://www.linkedin.com/jobs/view/sales-operations-manager-at-trigenx-llc-3833414614?refId=L9dv%2FWEWEF4tSOK2%2B4whLQ%3D%3D&trackingId=cHp5OP3RM8bwA6xAzbOkHQ%3D%3D&position=9&pageNum=0&trk=public_jobs_jserp-result_search-card,N/A
Sales Operations Manager,"Trigenx, LLC","Tampa, FL",https://www.linkedin.com/jobs/view/sales-operations-manager-at-trigenx-llc-3833418072?refId=L9dv%2FWEWEF4tSOK2%2B4whLQ%3D%3D&trackingId=1w%2F9NMeke8w6QkqrfOcXTQ%3D%3D&position=10&pageNum=0&trk=public_jobs_jserp-result_search-card,N/A
Commercial Roofing Operations Manager,CyberCoders,"Jacksonville, FL",https://www.linkedin.com/jobs/view/commercial-roofing-operations-manager-at-cybercoders-3832149192?refId=L9dv%2FWEWEF4tSOK2%2B4whLQ%3D%3D&trackingId=mEGsflidE2wUzJEL20O28Q%3D%3D&position=11&pageNum=0&trk=public_jobs_jserp-result_search-card,N/A
Commercial Roofing Operations Manager,CyberCoders,"Orlando, FL",https://www.linkedin.com/jobs/view/commercial-roofing-operations-manager-at-cybercoders-3832148436?refId=L9dv%2FWEWEF4tSOK2%2B4whLQ%3D%3D&trackingId=ge7gohBMJGOvk9dDdrt%2FTg%3D%3D&position=12&pageNum=0&trk=public_jobs_jserp-result_search-card,N/A
Commercial Roofing Operations Manager,CyberCoders,"Tallahassee, FL",https://www.linkedin.com/jobs/view/commercial-roofing-operations-manager-at-cybercoders-3832143884?refId=L9dv%2FWEWEF4tSOK2%2B4whLQ%3D%3D&trackingId=qGJm098iXotvq7ZslcBi3Q%3D%3D&position=13&pageNum=0&trk=public_jobs_jserp-result_search-card,N/A
Commercial Roofing Operations Manager,CyberCoders,"Tampa, FL",https://www.linkedin.com/jobs/view/commercial-roofing-operations-manager-at-cybercoders-3832144842?refId=L9dv%2FWEWEF4tSOK2%2B4whLQ%3D%3D&trackingId=7uWsm9pA64IpVb%2BJEWJZfw%3D%3D&position=14&pageNum=0&trk=public_jobs_jserp-result_search-card,N/A
Commercial Roofing Operations Manager,CyberCoders,"Gainesville, FL",https://www.linkedin.com/jobs/view/commercial-roofing-operations-manager-at-cybercoders-3832145795?refId=L9dv%2FWEWEF4tSOK2%2B4whLQ%3D%3D&trackingId=mek0Dlk4PkdWNQBXU0yx7Q%3D%3D&position=15&pageNum=0&trk=public_jobs_jserp-result_search-card,N/A
Sr. Performance Analytics Analyst,Carnival Cruise Line,"South Bay, FL",https://www.linkedin.com/jobs/view/sr-performance-analytics-analyst-at-carnival-cruise-line-3820852898?refId=L9dv%2FWEWEF4tSOK2%2B4whLQ%3D%3D&trackingId=W81Gex4VM%2Fklv8YQHCW4aw%3D%3D&position=16&pageNum=0&trk=public_jobs_jserp-result_search-card,"$60,600.00/yr - $90,000.00/yr"
IT Business Analyst,Trulieve,"Florida, United States",https://www.linkedin.com/jobs/view/it-business-analyst-at-trulieve-3832153756?refId=L9dv%2FWEWEF4tSOK2%2B4whLQ%3D%3D&trackingId=LiBK6ebiB2Oa36vnq4fv0g%3D%3D&position=17&pageNum=0&trk=public_jobs_jserp-result_search-card,N/A
Data Analyst and Operations Specialist,Alliance Animal Health,"Orlando, FL",https://www.linkedin.com/jobs/view/data-analyst-and-operations-specialist-at-alliance-animal-health-3822997148?refId=L9dv%2FWEWEF4tSOK2%2B4whLQ%3D%3D&trackingId=gYdweZjH9EcN3T%2BX0NMVMw%3D%3D&position=18&pageNum=0&trk=public_jobs_jserp-result_search-card,"$70,000.00/yr - $75,000.00/yr"
Project Manager (High Level BA - Tampa Remote),Better Health Group,"Tampa, FL",https://www.linkedin.com/jobs/view/project-manager-high-level-ba-tampa-remote-at-better-health-group-3823427388?refId=L9dv%2FWEWEF4tSOK2%2B4whLQ%3D%3D&trackingId=dawHDgnHjyQF2PyYV3ZqCA%3D%3D&position=19&pageNum=0&trk=public_jobs_jserp-result_search-card,N/A
Senior Payroll Analyst,Travel + Leisure Co.,"Florida, United States",https://www.linkedin.com/jobs/view/senior-payroll-analyst-at-travel-%2B-leisure-co-3826220033?refId=L9dv%2FWEWEF4tSOK2%2B4whLQ%3D%3D&trackingId=Pmu6puK2r4NeEorIIGy%2B0g%3D%3D&position=20&pageNum=0&trk=public_jobs_jserp-result_search-card,N/A
Data Integration Analyst,ReSource Pro,"Maitland, FL",https://www.linkedin.com/jobs/view/data-integration-analyst-at-resource-pro-3810853392?refId=L9dv%2FWEWEF4tSOK2%2B4whLQ%3D%3D&trackingId=%2FeYXJSRMTRSz4dtC%2BfW1oQ%3D%3D&position=21&pageNum=0&trk=public_jobs_jserp-result_search-card,"$31,518.00/yr - $59,740.00/yr"
100% REMOTE Data Analyst,Jobot,"Jacksonville, FL",https://www.linkedin.com/jobs/view/100%25-remote-data-analyst-at-jobot-3833014425?refId=L9dv%2FWEWEF4tSOK2%2B4whLQ%3D%3D&trackingId=Iv9F5xbf%2Fr6h3NSoOh4gPg%3D%3D&position=22&pageNum=0&trk=public_jobs_jserp-result_search-card,"$80,000.00/yr - $100,000.00/yr"
Senior Risk Data Analyst,FÃ©lix,"Miami, FL",https://www.linkedin.com/jobs/view/senior-risk-data-analyst-at-f%C3%A9lix-3834949198?refId=L9dv%2FWEWEF4tSOK2%2B4whLQ%3D%3D&trackingId=JMYYYkcqt8yPfcBJXHveVg%3D%3D&position=23&pageNum=0&trk=public_jobs_jserp-result_search-card,N/A
Senior Product Manager,ConnectWise,"Tampa, FL",https://www.linkedin.com/jobs/view/senior-product-manager-at-connectwise-3789472226?refId=L9dv%2FWEWEF4tSOK2%2B4whLQ%3D%3D&trackingId=i1Oz7RQ7RjadN6TaxCT%2BGA%3D%3D&position=24&pageNum=0&trk=public_jobs_jserp-result_search-card,N/A
