Job Title,Company Name,Address,Job Link,Salary
DSD Operations Specialist,PRIME,Estados Unidos (En remoto),https://www.linkedin.com/jobs/view/3835760748/?eBP=NOT_ELIGIBLE_FOR_CHARGING&refId=oazAx2GnjDiWPLaYJ0nLJQ%3D%3D&trackingId=F%2FEnNjsBUG0a8jj2p7C3%2FQ%3D%3D&trk=flagship3_search_srp_jobs
Operations Analyst,"Banco Sabadell, Miami Branch","Miami, FL (Híbrido)",https://www.linkedin.com/jobs/view/3828330155/?eBP=NOT_ELIGIBLE_FOR_CHARGING&refId=oazAx2GnjDiWPLaYJ0nLJQ%3D%3D&trackingId=XlG23bN6W9zLb13Q7YM%2B8A%3D%3D&trk=flagship3_search_srp_jobs
Lead Operations Analyst,Second Nature,Estados Unidos (En remoto),https://www.linkedin.com/jobs/view/3806068386/?eBP=NOT_ELIGIBLE_FOR_CHARGING&refId=oazAx2GnjDiWPLaYJ0nLJQ%3D%3D&trackingId=KY5VKTbmkSoWJkwN%2F7yZsA%3D%3D&trk=flagship3_search_srp_jobs
Strategic Operations Analyst,Cohere Health,Estados Unidos (En remoto),https://www.linkedin.com/jobs/view/3834742385/?eBP=NOT_ELIGIBLE_FOR_CHARGING&refId=oazAx2GnjDiWPLaYJ0nLJQ%3D%3D&trackingId=afzSAM9Bitw%2FyLbMGr8log%3D%3D&trk=flagship3_search_srp_jobs
Junior Sales Operations Analyst,Mosaic North America,Estados Unidos (En remoto),https://www.linkedin.com/jobs/view/3813667472/?eBP=NOT_ELIGIBLE_FOR_CHARGING&refId=oazAx2GnjDiWPLaYJ0nLJQ%3D%3D&trackingId=PgG1z7tYvnrigy%2FDAm6dYw%3D%3D&trk=flagship3_search_srp_jobs
Customer Operations Analyst,Auxilius,Estados Unidos (En remoto),https://www.linkedin.com/jobs/view/3784839508/?eBP=NOT_ELIGIBLE_FOR_CHARGING&refId=oazAx2GnjDiWPLaYJ0nLJQ%3D%3D&trackingId=BamCggv03D0p8doisNoPPw%3D%3D&trk=flagship3_search_srp_jobs
Sales Operations Analyst,Checkmarx,Estados Unidos (En remoto),https://www.linkedin.com/jobs/view/3828153243/?eBP=NOT_ELIGIBLE_FOR_CHARGING&refId=oazAx2GnjDiWPLaYJ0nLJQ%3D%3D&trackingId=5GF9e6W8XC7pe7g5eyuetw%3D%3D&trk=flagship3_search_srp_jobs
International Operations Analyst,Bradesco Bank,"Coral Gables, FL (Presencial)",https://www.linkedin.com/jobs/view/3823693445/?eBP=NOT_ELIGIBLE_FOR_CHARGING&refId=oazAx2GnjDiWPLaYJ0nLJQ%3D%3D&trackingId=UmYoyVcBWU90n0pPNjXw1Q%3D%3D&trk=flagship3_search_srp_jobs
Government Programs Operations Analyst,Capital Rx,Estados Unidos (En remoto),https://www.linkedin.com/jobs/view/3778674188/?eBP=NOT_ELIGIBLE_FOR_CHARGING&refId=oazAx2GnjDiWPLaYJ0nLJQ%3D%3D&trackingId=gJYZQGfSzls0mY3Stjulwg%3D%3D&trk=flagship3_search_srp_jobs
Clinical Operations Analyst,Capital Rx,Estados Unidos (En remoto),https://www.linkedin.com/jobs/view/3830397162/?eBP=NOT_ELIGIBLE_FOR_CHARGING&refId=oazAx2GnjDiWPLaYJ0nLJQ%3D%3D&trackingId=FRIO%2F0S2OrusaFIkNZFwqw%3D%3D&trk=flagship3_search_srp_jobs
Security Operations Center Analyst- 1764318,AMS Staffing Inc.,Estados Unidos (En remoto),https://www.linkedin.com/jobs/view/3812334114/?eBP=NOT_ELIGIBLE_FOR_CHARGING&refId=oazAx2GnjDiWPLaYJ0nLJQ%3D%3D&trackingId=BU2nLrsbSr5ukjFmK7woRw%3D%3D&trk=flagship3_search_srp_jobs
Operations Leader,Petco,"Hallandale Beach, FL (Presencial)",https://www.linkedin.com/jobs/view/3831217396/?eBP=NOT_ELIGIBLE_FOR_CHARGING&refId=oazAx2GnjDiWPLaYJ0nLJQ%3D%3D&trackingId=wClQwOBJjW8v4azGuy5LJQ%3D%3D&trk=flagship3_search_srp_jobs
Clinical Operations Analyst,Capital Rx,Estados Unidos (En remoto),https://www.linkedin.com/jobs/view/3826603806/?eBP=NOT_ELIGIBLE_FOR_CHARGING&refId=oazAx2GnjDiWPLaYJ0nLJQ%3D%3D&trackingId=nQss2UJLUV9U%2Fb3mYJBPTg%3D%3D&trk=flagship3_search_srp_jobs
Security Operations Center Analyst,"360 SOC, Inc.",Estados Unidos (En remoto),https://www.linkedin.com/jobs/view/3817267101/?eBP=NOT_ELIGIBLE_FOR_CHARGING&refId=oazAx2GnjDiWPLaYJ0nLJQ%3D%3D&trackingId=8XUarUJy4zc50C%2FRnGxrmw%3D%3D&trk=flagship3_search_srp_jobs
Senior Sales Operations Analyst,Elite Technology,Estados Unidos (En remoto),https://www.linkedin.com/jobs/view/3826632572/?eBP=NOT_ELIGIBLE_FOR_CHARGING&refId=oazAx2GnjDiWPLaYJ0nLJQ%3D%3D&trackingId=1xPe6TUgA3%2F8%2FxbbM%2BVuzQ%3D%3D&trk=flagship3_search_srp_jobs
D365 Finance & Operations IT Sr. Business Analyst - Finance,"REV Group, Inc",Estados Unidos (En remoto),https://www.linkedin.com/jobs/view/3820434554/?eBP=NOT_ELIGIBLE_FOR_CHARGING&refId=oazAx2GnjDiWPLaYJ0nLJQ%3D%3D&trackingId=ED8U4qG0HKU34SNjBEWRIw%3D%3D&trk=flagship3_search_srp_jobs
Senior GRC and Security Operations Analyst,Old Republic General Insurance Group,Estados Unidos (En remoto),https://www.linkedin.com/jobs/view/3810674974/?eBP=NOT_ELIGIBLE_FOR_CHARGING&refId=oazAx2GnjDiWPLaYJ0nLJQ%3D%3D&trackingId=e8PuQNXElgNuP0om5jqTcQ%3D%3D&trk=flagship3_search_srp_jobs
Financial Operations Analyst,Star Mountain Capital,"Tampa, FL (Presencial)",https://www.linkedin.com/jobs/view/3825263346/?eBP=NOT_ELIGIBLE_FOR_CHARGING&refId=oazAx2GnjDiWPLaYJ0nLJQ%3D%3D&trackingId=uR4KH95J9OGUjN13eh7Bxw%3D%3D&trk=flagship3_search_srp_jobs
Senior Business Operations Analyst,SoFi,"Jacksonville, FL",https://www.linkedin.com/jobs/view/3832771633/?eBP=NOT_ELIGIBLE_FOR_CHARGING&refId=oazAx2GnjDiWPLaYJ0nLJQ%3D%3D&trackingId=36uUswHE5F8pvJDbsHvP5g%3D%3D&trk=flagship3_search_srp_jobs
Operations Analyst- Millennial Specialty Insurance,Millennial Specialty Insurance,Estados Unidos (En remoto),https://www.linkedin.com/jobs/view/3825089605/?eBP=NOT_ELIGIBLE_FOR_CHARGING&refId=oazAx2GnjDiWPLaYJ0nLJQ%3D%3D&trackingId=iGk511Bs%2FKHnYF7FOMpw2Q%3D%3D&trk=flagship3_search_srp_jobs
Treasury Operations Analyst,Zelis,"San Petersburgo, FL (Híbrido)",https://www.linkedin.com/jobs/view/3826172130/?eBP=NOT_ELIGIBLE_FOR_CHARGING&refId=oazAx2GnjDiWPLaYJ0nLJQ%3D%3D&trackingId=n2xKj6EOKnH5R0emRTS4ZA%3D%3D&trk=flagship3_search_srp_jobs
Sales Operations Analyst,Herc Rentals,"Bonita Springs, FL (Presencial)",https://www.linkedin.com/jobs/view/3695833078/?eBP=NOT_ELIGIBLE_FOR_CHARGING&refId=oazAx2GnjDiWPLaYJ0nLJQ%3D%3D&trackingId=tXFtOT8zNNoJPnsx47npKQ%3D%3D&trk=flagship3_search_srp_jobs
Insurance Operations Analyst,GTTSi,"Juno Beach, FL (Presencial)",https://www.linkedin.com/jobs/view/3834144625/?eBP=NOT_ELIGIBLE_FOR_CHARGING&refId=oazAx2GnjDiWPLaYJ0nLJQ%3D%3D&trackingId=QWTYA8h2F%2BQZmsp7QJ18yQ%3D%3D&trk=flagship3_search_srp_jobs
Data Operations Analyst,PatientIQ,Estados Unidos (En remoto),https://www.linkedin.com/jobs/view/3824154699/?eBP=NOT_ELIGIBLE_FOR_CHARGING&refId=oazAx2GnjDiWPLaYJ0nLJQ%3D%3D&trackingId=WCP3YiZh%2FQEQAw0P1nLjPg%3D%3D&trk=flagship3_search_srp_jobs
Operations Programmer Analyst,Accroid Inc,Estados Unidos (En remoto),https://www.linkedin.com/jobs/view/3747748193/?eBP=NOT_ELIGIBLE_FOR_CHARGING&refId=oazAx2GnjDiWPLaYJ0nLJQ%3D%3D&trackingId=68Fp%2BwS1ARvmu3MnrnijlQ%3D%3D&trk=flagship3_search_srp_jobs
Investment Operations Analyst I,Trinus Corporation,Estados Unidos (En remoto),https://www.linkedin.com/jobs/view/3761837903/?eBP=NOT_ELIGIBLE_FOR_CHARGING&refId=DV%2B14R7dyQoOcYKQqyJoWw%3D%3D&trackingId=VAgEBBr8JqSq6BnkO7KGJg%3D%3D&trk=flagship3_search_srp_jobs
DSD Operations Specialist,Congo Brands,Estados Unidos (En remoto),https://www.linkedin.com/jobs/view/3835771225/?eBP=NOT_ELIGIBLE_FOR_CHARGING&refId=DV%2B14R7dyQoOcYKQqyJoWw%3D%3D&trackingId=t%2B%2FnaOMC6T2lOft%2BFr7Gew%3D%3D&trk=flagship3_search_srp_jobs
100% remote - Need Operations Support/Project Analyst Remote,Steneral Consulting,Estados Unidos (En remoto),https://www.linkedin.com/jobs/view/3715633814/?eBP=NOT_ELIGIBLE_FOR_CHARGING&refId=DV%2B14R7dyQoOcYKQqyJoWw%3D%3D&trackingId=D36ROLOdepdSXu0i9N7CCw%3D%3D&trk=flagship3_search_srp_jobs
SOCSOUTH Current Operations Regional Fusion Support Analyst,ANSER,"Homestead, FL (Presencial)",https://www.linkedin.com/jobs/view/3735347372/?eBP=NOT_ELIGIBLE_FOR_CHARGING&refId=DV%2B14R7dyQoOcYKQqyJoWw%3D%3D&trackingId=xvRFqjG1pg9pyEAxOeqp5w%3D%3D&trk=flagship3_search_srp_jobs
Remote work - Need Systems Operations Analyst,Steneral Consulting,Estados Unidos (En remoto),https://www.linkedin.com/jobs/view/3710629236/?eBP=NOT_ELIGIBLE_FOR_CHARGING&refId=DV%2B14R7dyQoOcYKQqyJoWw%3D%3D&trackingId=o%2Bj9hNE5kMPlKDZSCJuWmQ%3D%3D&trk=flagship3_search_srp_jobs
Operations Research Systems Analyst (ORSA),"Global Dimensions, LLC","Tampa, FL (Presencial)",https://www.linkedin.com/jobs/view/3739543408/?eBP=NOT_ELIGIBLE_FOR_CHARGING&refId=DV%2B14R7dyQoOcYKQqyJoWw%3D%3D&trackingId=630nX3rjUVCA4X4I%2FLmuwQ%3D%3D&trk=flagship3_search_srp_jobs
Remote Work - Need Cyber Operations Research Analyst,Steneral Consulting,Estados Unidos (En remoto),https://www.linkedin.com/jobs/view/3750874411/?eBP=NOT_ELIGIBLE_FOR_CHARGING&refId=DV%2B14R7dyQoOcYKQqyJoWw%3D%3D&trackingId=mwAdVec4N3wFl4BDhIiLGw%3D%3D&trk=flagship3_search_srp_jobs
Healthcare Operations Analyst,BlueWave Resource Partners,"Orlando, FL",https://www.linkedin.com/jobs/view/3820369580/?eBP=NOT_ELIGIBLE_FOR_CHARGING&refId=DV%2B14R7dyQoOcYKQqyJoWw%3D%3D&trackingId=SK3a%2BbDIcmuCtNom9xQ72w%3D%3D&trk=flagship3_search_srp_jobs
Insurance Operations Analyst,AP Recruiters & Associates,"Palm Beach Gardens, FL (Presencial)",https://www.linkedin.com/jobs/view/3834027540/?eBP=NOT_ELIGIBLE_FOR_CHARGING&refId=DV%2B14R7dyQoOcYKQqyJoWw%3D%3D&trackingId=W%2Fb6bxt10%2FPS9XDTgpld7A%3D%3D&trk=flagship3_search_srp_jobs
Expression of Interest - Sales Operations Analyst,Fingerprint for Success (F4S),Estados Unidos (En remoto),https://www.linkedin.com/jobs/view/3787774326/?eBP=NOT_ELIGIBLE_FOR_CHARGING&refId=DV%2B14R7dyQoOcYKQqyJoWw%3D%3D&trackingId=KkafQIAza8AF5i68p3CAQg%3D%3D&trk=flagship3_search_srp_jobs
